,campus,building,room,time,associated,authenticated
9,Belfield,Computer Science,B002,Mon Nov 02 21:00:00,0,0
21,Belfield,Computer Science,B002,Mon Nov 02 22:00:00,0,0
22,Belfield,Computer Science,B002,Mon Nov 02 22:00:00,0,0
38,Belfield,Computer Science,B002,Mon Nov 02 23:00:00,0,0
49,Belfield,Computer Science,B002,Tue Nov 03 00:00:00,0,0
61,Belfield,Computer Science,B002,Tue Nov 03 01:00:00,0,0
73,Belfield,Computer Science,B002,Tue Nov 03 02:00:00,0,0
97,Belfield,Computer Science,B002,Tue Nov 03 04:00:00,0,0
109,Belfield,Computer Science,B002,Tue Nov 03 05:00:00,0,0
121,Belfield,Computer Science,B002,Tue Nov 03 06:00:00,0,0
132,Belfield,Computer Science,B002,Tue Nov 03 07:00:00,0,0
144,Belfield,Computer Science,B002,Tue Nov 03 08:00:00,0,0
156,Belfield,Computer Science,B002,Tue Nov 03 09:00:00,0,0
167,Belfield,Computer Science,B002,Tue Nov 03 10:00:00,29,29
179,Belfield,Computer Science,B002,Tue Nov 03 11:00:00,29,29
190,Belfield,Computer Science,B002,Tue Nov 03 12:00:00,21,21
202,Belfield,Computer Science,B002,Tue Nov 03 13:00:00,11,11
213,Belfield,Computer Science,B002,Tue Nov 03 14:00:00,47,47
225,Belfield,Computer Science,B002,Tue Nov 03 15:00:00,47,47
236,Belfield,Computer Science,B002,Tue Nov 03 16:00:00,36,35
248,Belfield,Computer Science,B002,Tue Nov 03 17:00:00,35,35
260,Belfield,Computer Science,B002,Tue Nov 03 18:00:00,11,11
272,Belfield,Computer Science,B002,Tue Nov 03 19:00:00,0,0
284,Belfield,Computer Science,B002,Tue Nov 03 20:00:00,0,0
296,Belfield,Computer Science,B002,Tue Nov 03 21:00:00,0,0
308,Belfield,Computer Science,B002,Tue Nov 03 22:00:00,0,0
320,Belfield,Computer Science,B002,Tue Nov 03 23:00:00,0,0
331,Belfield,Computer Science,B002,Wed Nov 04 00:00:00,0,0
343,Belfield,Computer Science,B002,Wed Nov 04 01:00:00,0,0
355,Belfield,Computer Science,B002,Wed Nov 04 02:00:00,0,0
367,Belfield,Computer Science,B002,Wed Nov 04 03:00:00,0,0
379,Belfield,Computer Science,B002,Wed Nov 04 04:00:00,0,0
391,Belfield,Computer Science,B002,Wed Nov 04 05:00:00,0,0
415,Belfield,Computer Science,B002,Wed Nov 04 07:00:00,0,0
426,Belfield,Computer Science,B002,Wed Nov 04 08:00:00,1,1
438,Belfield,Computer Science,B002,Wed Nov 04 09:00:00,15,15
449,Belfield,Computer Science,B002,Wed Nov 04 10:00:00,11,11
460,Belfield,Computer Science,B002,Wed Nov 04 11:00:00,6,6
472,Belfield,Computer Science,B002,Wed Nov 04 12:00:00,35,35
483,Belfield,Computer Science,B002,Wed Nov 04 13:00:00,23,23
495,Belfield,Computer Science,B002,Wed Nov 04 14:00:00,23,23
506,Belfield,Computer Science,B002,Wed Nov 04 15:00:00,5,5
518,Belfield,Computer Science,B002,Wed Nov 04 16:00:00,15,15
529,Belfield,Computer Science,B002,Wed Nov 04 17:00:00,16,16
541,Belfield,Computer Science,B002,Wed Nov 04 18:00:00,3,3
553,Belfield,Computer Science,B002,Wed Nov 04 19:00:00,0,0
565,Belfield,Computer Science,B002,Wed Nov 04 20:00:00,0,0
577,Belfield,Computer Science,B002,Wed Nov 04 21:00:00,0,0
588,Belfield,Computer Science,B002,Wed Nov 04 22:00:00,0,0
600,Belfield,Computer Science,B002,Wed Nov 04 23:00:00,0,0
612,Belfield,Computer Science,B002,Thu Nov 05 00:00:00,0,0
623,Belfield,Computer Science,B002,Thu Nov 05 01:00:00,0,0
635,Belfield,Computer Science,B002,Thu Nov 05 02:00:00,0,0
647,Belfield,Computer Science,B002,Thu Nov 05 03:00:00,0,0
659,Belfield,Computer Science,B002,Thu Nov 05 04:00:00,0,0
671,Belfield,Computer Science,B002,Thu Nov 05 05:00:00,0,0
683,Belfield,Computer Science,B002,Thu Nov 05 06:00:00,0,0
695,Belfield,Computer Science,B002,Thu Nov 05 07:00:00,0,0
706,Belfield,Computer Science,B002,Thu Nov 05 08:00:00,0,0
718,Belfield,Computer Science,B002,Thu Nov 05 09:00:00,0,0
729,Belfield,Computer Science,B002,Thu Nov 05 10:00:00,34,34
741,Belfield,Computer Science,B002,Thu Nov 05 11:00:00,34,34
751,Belfield,Computer Science,B002,Thu Nov 05 12:00:00,21,21
763,Belfield,Computer Science,B002,Thu Nov 05 13:00:00,9,9
774,Belfield,Computer Science,B002,Thu Nov 05 14:00:00,34,34
786,Belfield,Computer Science,B002,Thu Nov 05 15:00:00,46,46
798,Belfield,Computer Science,B002,Thu Nov 05 16:00:00,43,43
810,Belfield,Computer Science,B002,Thu Nov 05 17:00:00,16,15
822,Belfield,Computer Science,B002,Thu Nov 05 18:00:00,9,9
834,Belfield,Computer Science,B002,Thu Nov 05 19:00:00,0,0
846,Belfield,Computer Science,B002,Thu Nov 05 20:00:00,0,0
858,Belfield,Computer Science,B002,Thu Nov 05 21:00:00,0,0
870,Belfield,Computer Science,B002,Thu Nov 05 22:00:00,0,0
882,Belfield,Computer Science,B002,Thu Nov 05 23:00:00,0,0
894,Belfield,Computer Science,B002,Fri Nov 06 00:00:00,0,0
905,Belfield,Computer Science,B002,Fri Nov 06 01:00:00,0,0
917,Belfield,Computer Science,B002,Fri Nov 06 02:00:00,0,0
918,Belfield,Computer Science,B002,Fri Nov 06 02:00:00,0,0
929,Belfield,Computer Science,B002,Fri Nov 06 03:00:00,0,0
941,Belfield,Computer Science,B002,Fri Nov 06 04:00:00,0,0
953,Belfield,Computer Science,B002,Fri Nov 06 05:00:00,0,0
965,Belfield,Computer Science,B002,Fri Nov 06 06:00:00,0,0
977,Belfield,Computer Science,B002,Fri Nov 06 07:00:00,0,0
989,Belfield,Computer Science,B002,Fri Nov 06 08:00:00,0,0
1001,Belfield,Computer Science,B002,Fri Nov 06 09:00:00,3,3
1013,Belfield,Computer Science,B002,Fri Nov 06 10:00:00,3,3
1025,Belfield,Computer Science,B002,Fri Nov 06 11:00:00,13,13
1036,Belfield,Computer Science,B002,Fri Nov 06 12:00:00,11,11
1048,Belfield,Computer Science,B002,Fri Nov 06 13:00:00,10,10
1059,Belfield,Computer Science,B002,Fri Nov 06 14:00:00,30,30
1071,Belfield,Computer Science,B002,Fri Nov 06 15:00:00,43,42
1083,Belfield,Computer Science,B002,Fri Nov 06 16:00:00,21,21
1095,Belfield,Computer Science,B002,Fri Nov 06 17:00:00,19,19
1107,Belfield,Computer Science,B002,Fri Nov 06 18:00:00,6,6
1119,Belfield,Computer Science,B002,Fri Nov 06 19:00:00,0,0
1131,Belfield,Computer Science,B002,Fri Nov 06 20:00:00,0,0
1143,Belfield,Computer Science,B002,Fri Nov 06 21:00:00,0,0
1155,Belfield,Computer Science,B002,Fri Nov 06 22:00:00,0,0
1167,Belfield,Computer Science,B002,Fri Nov 06 23:00:00,0,0
1179,Belfield,Computer Science,B002,Sat Nov 07 00:00:00,0,0
1190,Belfield,Computer Science,B002,Sat Nov 07 01:00:00,0,0
1202,Belfield,Computer Science,B002,Sat Nov 07 02:00:00,0,0
1214,Belfield,Computer Science,B002,Sat Nov 07 03:00:00,0,0
1226,Belfield,Computer Science,B002,Sat Nov 07 04:00:00,0,0
1238,Belfield,Computer Science,B002,Sat Nov 07 05:00:00,0,0
1250,Belfield,Computer Science,B002,Sat Nov 07 06:00:00,0,0
1262,Belfield,Computer Science,B002,Sat Nov 07 07:00:00,0,0
1274,Belfield,Computer Science,B002,Sat Nov 07 08:00:00,0,0
1285,Belfield,Computer Science,B002,Sat Nov 07 09:00:00,0,0
1297,Belfield,Computer Science,B002,Sat Nov 07 10:00:00,0,0
1309,Belfield,Computer Science,B002,Sat Nov 07 11:00:00,0,0
1321,Belfield,Computer Science,B002,Sat Nov 07 12:00:00,0,0
1333,Belfield,Computer Science,B002,Sat Nov 07 13:00:00,0,0
1344,Belfield,Computer Science,B002,Sat Nov 07 14:00:00,0,0
1345,Belfield,Computer Science,B002,Sat Nov 07 14:00:00,0,0
1356,Belfield,Computer Science,B002,Sat Nov 07 15:00:00,0,0
1368,Belfield,Computer Science,B002,Sat Nov 07 16:00:00,0,0
1380,Belfield,Computer Science,B002,Sat Nov 07 17:00:00,0,0
1392,Belfield,Computer Science,B002,Sat Nov 07 18:00:00,0,0
1404,Belfield,Computer Science,B002,Sat Nov 07 19:00:00,0,0
1416,Belfield,Computer Science,B002,Sat Nov 07 20:00:00,0,0
1428,Belfield,Computer Science,B002,Sat Nov 07 21:00:00,0,0
1440,Belfield,Computer Science,B002,Sat Nov 07 22:00:00,0,0
1452,Belfield,Computer Science,B002,Sat Nov 07 23:00:00,0,0
1464,Belfield,Computer Science,B002,Sun Nov 08 00:00:00,0,0
1476,Belfield,Computer Science,B002,Sun Nov 08 01:00:00,0,0
1488,Belfield,Computer Science,B002,Sun Nov 08 02:00:00,0,0
1500,Belfield,Computer Science,B002,Sun Nov 08 03:00:00,0,0
1511,Belfield,Computer Science,B002,Sun Nov 08 04:00:00,0,0
1523,Belfield,Computer Science,B002,Sun Nov 08 05:00:00,0,0
1535,Belfield,Computer Science,B002,Sun Nov 08 06:00:00,0,0
1547,Belfield,Computer Science,B002,Sun Nov 08 07:00:00,0,0
1559,Belfield,Computer Science,B002,Sun Nov 08 08:00:00,0,0
1571,Belfield,Computer Science,B002,Sun Nov 08 09:00:00,0,0
1583,Belfield,Computer Science,B002,Sun Nov 08 10:00:00,0,0
1595,Belfield,Computer Science,B002,Sun Nov 08 11:00:00,0,0
1607,Belfield,Computer Science,B002,Sun Nov 08 12:00:00,0,0
1619,Belfield,Computer Science,B002,Sun Nov 08 13:00:00,0,0
1630,Belfield,Computer Science,B002,Sun Nov 08 14:00:00,0,0
1631,Belfield,Computer Science,B002,Sun Nov 08 14:00:00,0,0
1643,Belfield,Computer Science,B002,Sun Nov 08 15:00:00,0,0
1666,Belfield,Computer Science,B002,Sun Nov 08 17:00:00,0,0
1678,Belfield,Computer Science,B002,Sun Nov 08 18:00:00,0,0
1690,Belfield,Computer Science,B002,Sun Nov 08 19:00:00,0,0
1702,Belfield,Computer Science,B002,Sun Nov 08 20:00:00,0,0
1714,Belfield,Computer Science,B002,Sun Nov 08 21:00:00,0,0
1726,Belfield,Computer Science,B002,Sun Nov 08 22:00:00,0,0
1737,Belfield,Computer Science,B002,Sun Nov 08 23:00:00,0,0
1748,Belfield,Computer Science,B002,Mon Nov 09 00:00:00,0,0
1760,Belfield,Computer Science,B002,Mon Nov 09 01:00:00,0,0
1772,Belfield,Computer Science,B002,Mon Nov 09 02:00:00,0,0
1784,Belfield,Computer Science,B002,Mon Nov 09 03:00:00,0,0
1796,Belfield,Computer Science,B002,Mon Nov 09 04:00:00,0,0
1808,Belfield,Computer Science,B002,Mon Nov 09 05:00:00,0,0
1820,Belfield,Computer Science,B002,Mon Nov 09 06:00:00,1,1
1832,Belfield,Computer Science,B002,Mon Nov 09 07:00:00,0,0
1844,Belfield,Computer Science,B002,Mon Nov 09 08:00:00,0,0
1855,Belfield,Computer Science,B002,Mon Nov 09 09:00:00,14,14
1867,Belfield,Computer Science,B002,Mon Nov 09 10:00:00,17,16
1878,Belfield,Computer Science,B002,Mon Nov 09 11:00:00,5,5
1890,Belfield,Computer Science,B002,Mon Nov 09 12:00:00,15,15
1901,Belfield,Computer Science,B002,Mon Nov 09 13:00:00,37,37
1913,Belfield,Computer Science,B002,Mon Nov 09 14:00:00,11,11
1925,Belfield,Computer Science,B002,Mon Nov 09 15:00:00,9,9
1937,Belfield,Computer Science,B002,Mon Nov 09 16:00:00,76,76
1949,Belfield,Computer Science,B002,Mon Nov 09 17:00:00,53,53
1961,Belfield,Computer Science,B002,Mon Nov 09 18:00:00,21,21
1973,Belfield,Computer Science,B002,Mon Nov 09 19:00:00,6,6
1984,Belfield,Computer Science,B002,Mon Nov 09 20:00:00,0,0
1996,Belfield,Computer Science,B002,Mon Nov 09 21:00:00,0,0
2008,Belfield,Computer Science,B002,Mon Nov 09 22:00:00,0,0
2020,Belfield,Computer Science,B002,Mon Nov 09 23:00:00,0,0
2032,Belfield,Computer Science,B002,Tue Nov 10 00:00:00,0,0
2043,Belfield,Computer Science,B002,Tue Nov 10 01:00:00,0,0
2055,Belfield,Computer Science,B002,Tue Nov 10 02:00:00,0,0
2066,Belfield,Computer Science,B002,Tue Nov 10 03:00:00,0,0
2078,Belfield,Computer Science,B002,Tue Nov 10 04:00:00,0,0
2090,Belfield,Computer Science,B002,Tue Nov 10 05:00:00,0,0
2102,Belfield,Computer Science,B002,Tue Nov 10 06:00:00,0,0
2114,Belfield,Computer Science,B002,Tue Nov 10 07:00:00,0,0
2126,Belfield,Computer Science,B002,Tue Nov 10 08:00:00,0,0
2137,Belfield,Computer Science,B002,Tue Nov 10 09:00:00,1,1
2149,Belfield,Computer Science,B002,Tue Nov 10 10:00:00,24,24
2161,Belfield,Computer Science,B002,Tue Nov 10 11:00:00,20,20
2172,Belfield,Computer Science,B002,Tue Nov 10 12:00:00,35,35
2183,Belfield,Computer Science,B002,Tue Nov 10 13:00:00,6,6
2195,Belfield,Computer Science,B002,Tue Nov 10 14:00:00,46,46
2206,Belfield,Computer Science,B002,Tue Nov 10 15:00:00,41,41
2218,Belfield,Computer Science,B002,Tue Nov 10 16:00:00,34,34
2230,Belfield,Computer Science,B002,Tue Nov 10 17:00:00,15,15
2242,Belfield,Computer Science,B002,Tue Nov 10 18:00:00,2,2
2253,Belfield,Computer Science,B002,Tue Nov 10 19:00:00,1,1
2265,Belfield,Computer Science,B002,Tue Nov 10 20:00:00,0,0
2277,Belfield,Computer Science,B002,Tue Nov 10 21:00:00,0,0
2289,Belfield,Computer Science,B002,Tue Nov 10 22:00:00,0,0
2301,Belfield,Computer Science,B002,Tue Nov 10 23:00:00,0,0
2313,Belfield,Computer Science,B002,Wed Nov 11 00:00:00,0,0
2325,Belfield,Computer Science,B002,Wed Nov 11 01:00:00,0,0
2337,Belfield,Computer Science,B002,Wed Nov 11 02:00:00,0,0
2349,Belfield,Computer Science,B002,Wed Nov 11 03:00:00,0,0
2361,Belfield,Computer Science,B002,Wed Nov 11 04:00:00,0,0
2373,Belfield,Computer Science,B002,Wed Nov 11 05:00:00,0,0
2385,Belfield,Computer Science,B002,Wed Nov 11 06:00:00,0,0
2397,Belfield,Computer Science,B002,Wed Nov 11 07:00:00,0,0
2420,Belfield,Computer Science,B002,Wed Nov 11 09:00:00,11,11
2432,Belfield,Computer Science,B002,Wed Nov 11 10:00:00,9,9
2443,Belfield,Computer Science,B002,Wed Nov 11 11:00:00,11,11
2455,Belfield,Computer Science,B002,Wed Nov 11 12:00:00,40,40
2465,Belfield,Computer Science,B002,Wed Nov 11 13:00:00,21,21
2477,Belfield,Computer Science,B002,Wed Nov 11 14:00:00,15,15
2489,Belfield,Computer Science,B002,Wed Nov 11 15:00:00,30,30
2501,Belfield,Computer Science,B002,Wed Nov 11 16:00:00,24,23
2512,Belfield,Computer Science,B002,Wed Nov 11 17:00:00,23,23
2513,Belfield,Computer Science,B002,Wed Nov 11 17:00:00,24,24
2524,Belfield,Computer Science,B002,Wed Nov 11 18:00:00,5,5
2536,Belfield,Computer Science,B002,Wed Nov 11 19:00:00,1,1
2548,Belfield,Computer Science,B002,Wed Nov 11 20:00:00,1,1
2560,Belfield,Computer Science,B002,Wed Nov 11 21:00:00,0,0
2572,Belfield,Computer Science,B002,Wed Nov 11 22:00:00,0,0
2583,Belfield,Computer Science,B002,Wed Nov 11 23:00:00,0,0
2605,Belfield,Computer Science,B002,Thu Nov 12 01:00:00,0,0
2617,Belfield,Computer Science,B002,Thu Nov 12 02:00:00,0,0
2629,Belfield,Computer Science,B002,Thu Nov 12 03:00:00,0,0
2641,Belfield,Computer Science,B002,Thu Nov 12 04:00:00,0,0
2653,Belfield,Computer Science,B002,Thu Nov 12 05:00:00,0,0
2665,Belfield,Computer Science,B002,Thu Nov 12 06:00:00,1,1
2677,Belfield,Computer Science,B002,Thu Nov 12 07:00:00,0,0
2688,Belfield,Computer Science,B002,Thu Nov 12 08:00:00,2,2
2700,Belfield,Computer Science,B002,Thu Nov 12 09:00:00,6,6
2711,Belfield,Computer Science,B002,Thu Nov 12 10:00:00,28,28
2723,Belfield,Computer Science,B002,Thu Nov 12 11:00:00,31,31
2734,Belfield,Computer Science,B002,Thu Nov 12 12:00:00,17,17
2746,Belfield,Computer Science,B002,Thu Nov 12 13:00:00,5,5
2758,Belfield,Computer Science,B002,Thu Nov 12 14:00:00,31,31
2770,Belfield,Computer Science,B002,Thu Nov 12 15:00:00,59,59
2782,Belfield,Computer Science,B002,Thu Nov 12 16:00:00,62,62
2793,Belfield,Computer Science,B002,Thu Nov 12 17:00:00,32,32
2794,Belfield,Computer Science,B002,Thu Nov 12 17:00:00,24,24
2805,Belfield,Computer Science,B002,Thu Nov 12 18:00:00,4,4
2817,Belfield,Computer Science,B002,Thu Nov 12 19:00:00,0,0
2829,Belfield,Computer Science,B002,Thu Nov 12 20:00:00,0,0
2841,Belfield,Computer Science,B002,Thu Nov 12 21:00:00,0,0
2853,Belfield,Computer Science,B002,Thu Nov 12 22:00:00,0,0
2864,Belfield,Computer Science,B002,Thu Nov 12 23:00:00,0,0
2875,Belfield,Computer Science,B002,Fri Nov 13 00:00:00,0,0
2887,Belfield,Computer Science,B002,Fri Nov 13 01:00:00,0,0
2899,Belfield,Computer Science,B002,Fri Nov 13 02:00:00,0,0
2911,Belfield,Computer Science,B002,Fri Nov 13 03:00:00,0,0
2923,Belfield,Computer Science,B002,Fri Nov 13 04:00:00,0,0
2935,Belfield,Computer Science,B002,Fri Nov 13 05:00:00,0,0
2946,Belfield,Computer Science,B002,Fri Nov 13 06:00:00,1,1
2958,Belfield,Computer Science,B002,Fri Nov 13 07:00:00,0,0
2970,Belfield,Computer Science,B002,Fri Nov 13 08:00:00,0,0
2982,Belfield,Computer Science,B002,Fri Nov 13 09:00:00,5,5
2994,Belfield,Computer Science,B002,Fri Nov 13 10:00:00,5,5
3004,Belfield,Computer Science,B002,Fri Nov 13 11:00:00,13,13
3016,Belfield,Computer Science,B002,Fri Nov 13 12:00:00,15,15
3028,Belfield,Computer Science,B002,Fri Nov 13 13:00:00,12,12
3040,Belfield,Computer Science,B002,Fri Nov 13 14:00:00,20,19
3052,Belfield,Computer Science,B002,Fri Nov 13 15:00:00,18,18
3064,Belfield,Computer Science,B002,Fri Nov 13 16:00:00,10,10
3076,Belfield,Computer Science,B002,Fri Nov 13 17:00:00,3,3
3088,Belfield,Computer Science,B002,Fri Nov 13 18:00:00,2,2
3100,Belfield,Computer Science,B002,Fri Nov 13 19:00:00,1,1
3123,Belfield,Computer Science,B002,Fri Nov 13 21:00:00,0,0
3135,Belfield,Computer Science,B002,Fri Nov 13 22:00:00,0,0
3147,Belfield,Computer Science,B002,Fri Nov 13 23:00:00,0,0
3159,Belfield,Computer Science,B002,Sat Nov 14 00:00:00,0,0
3170,Belfield,Computer Science,B002,Sat Nov 14 01:00:00,0,0
3182,Belfield,Computer Science,B002,Sat Nov 14 02:00:00,0,0
3193,Belfield,Computer Science,B002,Sat Nov 14 03:00:00,0,0
3205,Belfield,Computer Science,B002,Sat Nov 14 04:00:00,0,0
3216,Belfield,Computer Science,B002,Sat Nov 14 05:00:00,0,0
3227,Belfield,Computer Science,B002,Sat Nov 14 06:00:00,0,0
3239,Belfield,Computer Science,B002,Sat Nov 14 07:00:00,0,0
3251,Belfield,Computer Science,B002,Sat Nov 14 08:00:00,0,0
3263,Belfield,Computer Science,B002,Sat Nov 14 09:00:00,0,0
3275,Belfield,Computer Science,B002,Sat Nov 14 10:00:00,0,0
3287,Belfield,Computer Science,B002,Sat Nov 14 11:00:00,0,0
3299,Belfield,Computer Science,B002,Sat Nov 14 12:00:00,0,0
3311,Belfield,Computer Science,B002,Sat Nov 14 13:00:00,0,0
3323,Belfield,Computer Science,B002,Sat Nov 14 14:00:00,0,0
3334,Belfield,Computer Science,B002,Sat Nov 14 15:00:00,0,0
3346,Belfield,Computer Science,B002,Sat Nov 14 16:00:00,0,0
3358,Belfield,Computer Science,B002,Sat Nov 14 17:00:00,0,0
3370,Belfield,Computer Science,B002,Sat Nov 14 18:00:00,0,0
3382,Belfield,Computer Science,B002,Sat Nov 14 19:00:00,0,0
3394,Belfield,Computer Science,B002,Sat Nov 14 20:00:00,0,0
3406,Belfield,Computer Science,B002,Sat Nov 14 21:00:00,0,0
3418,Belfield,Computer Science,B002,Sat Nov 14 22:00:00,0,0
3419,Belfield,Computer Science,B002,Sat Nov 14 22:00:00,0,0
3430,Belfield,Computer Science,B002,Sat Nov 14 23:00:00,0,0
3442,Belfield,Computer Science,B002,Sun Nov 15 00:00:00,0,0
3454,Belfield,Computer Science,B002,Sun Nov 15 01:00:00,0,0
3465,Belfield,Computer Science,B002,Sun Nov 15 02:00:00,0,0
3477,Belfield,Computer Science,B002,Sun Nov 15 03:00:00,0,0
3489,Belfield,Computer Science,B002,Sun Nov 15 04:00:00,0,0
3501,Belfield,Computer Science,B002,Sun Nov 15 05:00:00,0,0
3513,Belfield,Computer Science,B002,Sun Nov 15 06:00:00,0,0
3525,Belfield,Computer Science,B002,Sun Nov 15 07:00:00,0,0
3537,Belfield,Computer Science,B002,Sun Nov 15 08:00:00,0,0
3549,Belfield,Computer Science,B002,Sun Nov 15 09:00:00,0,0
3561,Belfield,Computer Science,B002,Sun Nov 15 10:00:00,0,0
3573,Belfield,Computer Science,B002,Sun Nov 15 11:00:00,0,0
3585,Belfield,Computer Science,B002,Sun Nov 15 12:00:00,1,1
3597,Belfield,Computer Science,B002,Sun Nov 15 13:00:00,0,0
3609,Belfield,Computer Science,B002,Sun Nov 15 14:00:00,0,0
3621,Belfield,Computer Science,B002,Sun Nov 15 15:00:00,0,0
3633,Belfield,Computer Science,B002,Sun Nov 15 16:00:00,0,0
3644,Belfield,Computer Science,B002,Sun Nov 15 17:00:00,0,0
3656,Belfield,Computer Science,B002,Sun Nov 15 18:00:00,0,0
3668,Belfield,Computer Science,B002,Sun Nov 15 19:00:00,0,0
3680,Belfield,Computer Science,B002,Sun Nov 15 20:00:00,0,0
3692,Belfield,Computer Science,B002,Sun Nov 15 21:00:00,0,0
3704,Belfield,Computer Science,B002,Sun Nov 15 22:00:00,0,0
3716,Belfield,Computer Science,B002,Sun Nov 15 23:00:00,0,0
3727,Belfield,Computer Science,B002,Mon Nov 16 00:00:00,0,0
3739,Belfield,Computer Science,B002,Mon Nov 16 01:00:00,0,0
3751,Belfield,Computer Science,B002,Mon Nov 16 02:00:00,0,0
3763,Belfield,Computer Science,B002,Mon Nov 16 03:00:00,0,0
3775,Belfield,Computer Science,B002,Mon Nov 16 04:00:00,0,0
3787,Belfield,Computer Science,B002,Mon Nov 16 05:00:00,0,0
3799,Belfield,Computer Science,B002,Mon Nov 16 06:00:00,1,1
3811,Belfield,Computer Science,B002,Mon Nov 16 07:00:00,0,0
3823,Belfield,Computer Science,B002,Mon Nov 16 08:00:00,1,1
3834,Belfield,Computer Science,B002,Mon Nov 16 09:00:00,6,6
3846,Belfield,Computer Science,B002,Mon Nov 16 10:00:00,18,18
3857,Belfield,Computer Science,B002,Mon Nov 16 11:00:00,5,5
3869,Belfield,Computer Science,B002,Mon Nov 16 12:00:00,14,14
3880,Belfield,Computer Science,B002,Mon Nov 16 13:00:00,33,33
3891,Belfield,Computer Science,B002,Mon Nov 16 14:00:00,13,13
3903,Belfield,Computer Science,B002,Mon Nov 16 15:00:00,9,9
3915,Belfield,Computer Science,B002,Mon Nov 16 16:00:00,57,57
3927,Belfield,Computer Science,B002,Mon Nov 16 17:00:00,20,20
3939,Belfield,Computer Science,B002,Mon Nov 16 18:00:00,6,6
3951,Belfield,Computer Science,B002,Mon Nov 16 19:00:00,0,0
3962,Belfield,Computer Science,B002,Mon Nov 16 20:00:00,0,0
3974,Belfield,Computer Science,B002,Mon Nov 16 21:00:00,0,0
3986,Belfield,Computer Science,B002,Mon Nov 16 22:00:00,0,0
3998,Belfield,Computer Science,B002,Mon Nov 16 23:00:00,0,0
4009,Belfield,Computer Science,B002,Tue Nov 17 00:00:00,0,0
4020,Belfield,Computer Science,B002,Tue Nov 17 01:00:00,0,0
4031,Belfield,Computer Science,B002,Tue Nov 17 02:00:00,0,0
4043,Belfield,Computer Science,B002,Tue Nov 17 03:00:00,0,0
4055,Belfield,Computer Science,B002,Tue Nov 17 04:00:00,0,0
4067,Belfield,Computer Science,B002,Tue Nov 17 05:00:00,0,0
4079,Belfield,Computer Science,B002,Tue Nov 17 06:00:00,1,1
4091,Belfield,Computer Science,B002,Tue Nov 17 07:00:00,0,0
4103,Belfield,Computer Science,B002,Tue Nov 17 08:00:00,0,0
4114,Belfield,Computer Science,B002,Tue Nov 17 09:00:00,0,0
4126,Belfield,Computer Science,B002,Tue Nov 17 10:00:00,18,18
4136,Belfield,Computer Science,B002,Tue Nov 17 11:00:00,17,17
4148,Belfield,Computer Science,B003,Mon Nov 02 21:00:00,0,0
4160,Belfield,Computer Science,B003,Mon Nov 02 22:00:00,0,0
4161,Belfield,Computer Science,B003,Mon Nov 02 22:00:00,0,0
4177,Belfield,Computer Science,B003,Mon Nov 02 23:00:00,0,0
4188,Belfield,Computer Science,B003,Tue Nov 03 00:00:00,0,0
4200,Belfield,Computer Science,B003,Tue Nov 03 01:00:00,0,0
4212,Belfield,Computer Science,B003,Tue Nov 03 02:00:00,0,0
4236,Belfield,Computer Science,B003,Tue Nov 03 04:00:00,0,0
4248,Belfield,Computer Science,B003,Tue Nov 03 05:00:00,0,0
4260,Belfield,Computer Science,B003,Tue Nov 03 06:00:00,0,0
4271,Belfield,Computer Science,B003,Tue Nov 03 07:00:00,0,0
4283,Belfield,Computer Science,B003,Tue Nov 03 08:00:00,0,0
4295,Belfield,Computer Science,B003,Tue Nov 03 09:00:00,1,1
4306,Belfield,Computer Science,B003,Tue Nov 03 10:00:00,7,7
4318,Belfield,Computer Science,B003,Tue Nov 03 11:00:00,63,63
4329,Belfield,Computer Science,B003,Tue Nov 03 12:00:00,20,20
4341,Belfield,Computer Science,B003,Tue Nov 03 13:00:00,10,10
4352,Belfield,Computer Science,B003,Tue Nov 03 14:00:00,24,24
4364,Belfield,Computer Science,B003,Tue Nov 03 15:00:00,21,21
4375,Belfield,Computer Science,B003,Tue Nov 03 16:00:00,11,11
4387,Belfield,Computer Science,B003,Tue Nov 03 17:00:00,3,3
4399,Belfield,Computer Science,B003,Tue Nov 03 18:00:00,2,2
4411,Belfield,Computer Science,B003,Tue Nov 03 19:00:00,0,0
4423,Belfield,Computer Science,B003,Tue Nov 03 20:00:00,0,0
4435,Belfield,Computer Science,B003,Tue Nov 03 21:00:00,0,0
4447,Belfield,Computer Science,B003,Tue Nov 03 22:00:00,0,0
4459,Belfield,Computer Science,B003,Tue Nov 03 23:00:00,0,0
4470,Belfield,Computer Science,B003,Wed Nov 04 00:00:00,0,0
4482,Belfield,Computer Science,B003,Wed Nov 04 01:00:00,0,0
4494,Belfield,Computer Science,B003,Wed Nov 04 02:00:00,0,0
4506,Belfield,Computer Science,B003,Wed Nov 04 03:00:00,0,0
4518,Belfield,Computer Science,B003,Wed Nov 04 04:00:00,0,0
4530,Belfield,Computer Science,B003,Wed Nov 04 05:00:00,0,0
4554,Belfield,Computer Science,B003,Wed Nov 04 07:00:00,0,0
4565,Belfield,Computer Science,B003,Wed Nov 04 08:00:00,0,0
4577,Belfield,Computer Science,B003,Wed Nov 04 09:00:00,3,3
4588,Belfield,Computer Science,B003,Wed Nov 04 10:00:00,16,16
4599,Belfield,Computer Science,B003,Wed Nov 04 11:00:00,13,13
4611,Belfield,Computer Science,B003,Wed Nov 04 12:00:00,72,71
4622,Belfield,Computer Science,B003,Wed Nov 04 13:00:00,94,94
4634,Belfield,Computer Science,B003,Wed Nov 04 14:00:00,22,22
4645,Belfield,Computer Science,B003,Wed Nov 04 15:00:00,15,15
4657,Belfield,Computer Science,B003,Wed Nov 04 16:00:00,14,14
4668,Belfield,Computer Science,B003,Wed Nov 04 17:00:00,2,2
4680,Belfield,Computer Science,B003,Wed Nov 04 18:00:00,0,0
4692,Belfield,Computer Science,B003,Wed Nov 04 19:00:00,0,0
4704,Belfield,Computer Science,B003,Wed Nov 04 20:00:00,0,0
4716,Belfield,Computer Science,B003,Wed Nov 04 21:00:00,0,0
4727,Belfield,Computer Science,B003,Wed Nov 04 22:00:00,0,0
4739,Belfield,Computer Science,B003,Wed Nov 04 23:00:00,0,0
4751,Belfield,Computer Science,B003,Thu Nov 05 00:00:00,0,0
4762,Belfield,Computer Science,B003,Thu Nov 05 01:00:00,0,0
4774,Belfield,Computer Science,B003,Thu Nov 05 02:00:00,0,0
4786,Belfield,Computer Science,B003,Thu Nov 05 03:00:00,0,0
4798,Belfield,Computer Science,B003,Thu Nov 05 04:00:00,0,0
4810,Belfield,Computer Science,B003,Thu Nov 05 05:00:00,0,0
4822,Belfield,Computer Science,B003,Thu Nov 05 06:00:00,0,0
4834,Belfield,Computer Science,B003,Thu Nov 05 07:00:00,0,0
4845,Belfield,Computer Science,B003,Thu Nov 05 08:00:00,0,0
4857,Belfield,Computer Science,B003,Thu Nov 05 09:00:00,12,12
4868,Belfield,Computer Science,B003,Thu Nov 05 10:00:00,33,33
4880,Belfield,Computer Science,B003,Thu Nov 05 11:00:00,14,14
4890,Belfield,Computer Science,B003,Thu Nov 05 12:00:00,50,50
4902,Belfield,Computer Science,B003,Thu Nov 05 13:00:00,32,32
4913,Belfield,Computer Science,B003,Thu Nov 05 14:00:00,16,16
4925,Belfield,Computer Science,B003,Thu Nov 05 15:00:00,8,7
4937,Belfield,Computer Science,B003,Thu Nov 05 16:00:00,14,14
4949,Belfield,Computer Science,B003,Thu Nov 05 17:00:00,4,4
4961,Belfield,Computer Science,B003,Thu Nov 05 18:00:00,1,1
4973,Belfield,Computer Science,B003,Thu Nov 05 19:00:00,0,0
4985,Belfield,Computer Science,B003,Thu Nov 05 20:00:00,0,0
4997,Belfield,Computer Science,B003,Thu Nov 05 21:00:00,0,0
5009,Belfield,Computer Science,B003,Thu Nov 05 22:00:00,0,0
5021,Belfield,Computer Science,B003,Thu Nov 05 23:00:00,0,0
5033,Belfield,Computer Science,B003,Fri Nov 06 00:00:00,0,0
5044,Belfield,Computer Science,B003,Fri Nov 06 01:00:00,0,0
5056,Belfield,Computer Science,B003,Fri Nov 06 02:00:00,0,0
5057,Belfield,Computer Science,B003,Fri Nov 06 02:00:00,0,0
5068,Belfield,Computer Science,B003,Fri Nov 06 03:00:00,0,0
5080,Belfield,Computer Science,B003,Fri Nov 06 04:00:00,0,0
5092,Belfield,Computer Science,B003,Fri Nov 06 05:00:00,0,0
5104,Belfield,Computer Science,B003,Fri Nov 06 06:00:00,0,0
5116,Belfield,Computer Science,B003,Fri Nov 06 07:00:00,0,0
5128,Belfield,Computer Science,B003,Fri Nov 06 08:00:00,2,2
5140,Belfield,Computer Science,B003,Fri Nov 06 09:00:00,21,21
5152,Belfield,Computer Science,B003,Fri Nov 06 10:00:00,46,46
5164,Belfield,Computer Science,B003,Fri Nov 06 11:00:00,25,25
5175,Belfield,Computer Science,B003,Fri Nov 06 12:00:00,23,23
5187,Belfield,Computer Science,B003,Fri Nov 06 13:00:00,14,14
5198,Belfield,Computer Science,B003,Fri Nov 06 14:00:00,51,51
5210,Belfield,Computer Science,B003,Fri Nov 06 15:00:00,48,48
5222,Belfield,Computer Science,B003,Fri Nov 06 16:00:00,23,23
5234,Belfield,Computer Science,B003,Fri Nov 06 17:00:00,3,3
5246,Belfield,Computer Science,B003,Fri Nov 06 18:00:00,1,1
5258,Belfield,Computer Science,B003,Fri Nov 06 19:00:00,0,0
5270,Belfield,Computer Science,B003,Fri Nov 06 20:00:00,0,0
5282,Belfield,Computer Science,B003,Fri Nov 06 21:00:00,0,0
5294,Belfield,Computer Science,B003,Fri Nov 06 22:00:00,0,0
5306,Belfield,Computer Science,B003,Fri Nov 06 23:00:00,0,0
5318,Belfield,Computer Science,B003,Sat Nov 07 00:00:00,0,0
5329,Belfield,Computer Science,B003,Sat Nov 07 01:00:00,0,0
5341,Belfield,Computer Science,B003,Sat Nov 07 02:00:00,0,0
5353,Belfield,Computer Science,B003,Sat Nov 07 03:00:00,0,0
5365,Belfield,Computer Science,B003,Sat Nov 07 04:00:00,0,0
5377,Belfield,Computer Science,B003,Sat Nov 07 05:00:00,0,0
5389,Belfield,Computer Science,B003,Sat Nov 07 06:00:00,0,0
5401,Belfield,Computer Science,B003,Sat Nov 07 07:00:00,0,0
5413,Belfield,Computer Science,B003,Sat Nov 07 08:00:00,0,0
5424,Belfield,Computer Science,B003,Sat Nov 07 09:00:00,0,0
5436,Belfield,Computer Science,B003,Sat Nov 07 10:00:00,0,0
5448,Belfield,Computer Science,B003,Sat Nov 07 11:00:00,0,0
5460,Belfield,Computer Science,B003,Sat Nov 07 12:00:00,0,0
5472,Belfield,Computer Science,B003,Sat Nov 07 13:00:00,0,0
5483,Belfield,Computer Science,B003,Sat Nov 07 14:00:00,0,0
5484,Belfield,Computer Science,B003,Sat Nov 07 14:00:00,0,0
5495,Belfield,Computer Science,B003,Sat Nov 07 15:00:00,0,0
5507,Belfield,Computer Science,B003,Sat Nov 07 16:00:00,0,0
5519,Belfield,Computer Science,B003,Sat Nov 07 17:00:00,0,0
5531,Belfield,Computer Science,B003,Sat Nov 07 18:00:00,0,0
5543,Belfield,Computer Science,B003,Sat Nov 07 19:00:00,0,0
5555,Belfield,Computer Science,B003,Sat Nov 07 20:00:00,0,0
5567,Belfield,Computer Science,B003,Sat Nov 07 21:00:00,0,0
5579,Belfield,Computer Science,B003,Sat Nov 07 22:00:00,0,0
5591,Belfield,Computer Science,B003,Sat Nov 07 23:00:00,0,0
5603,Belfield,Computer Science,B003,Sun Nov 08 00:00:00,0,0
5615,Belfield,Computer Science,B003,Sun Nov 08 01:00:00,0,0
5627,Belfield,Computer Science,B003,Sun Nov 08 02:00:00,0,0
5639,Belfield,Computer Science,B003,Sun Nov 08 03:00:00,0,0
5650,Belfield,Computer Science,B003,Sun Nov 08 04:00:00,0,0
5662,Belfield,Computer Science,B003,Sun Nov 08 05:00:00,0,0
5674,Belfield,Computer Science,B003,Sun Nov 08 06:00:00,0,0
5686,Belfield,Computer Science,B003,Sun Nov 08 07:00:00,0,0
5698,Belfield,Computer Science,B003,Sun Nov 08 08:00:00,0,0
5710,Belfield,Computer Science,B003,Sun Nov 08 09:00:00,0,0
5722,Belfield,Computer Science,B003,Sun Nov 08 10:00:00,0,0
5734,Belfield,Computer Science,B003,Sun Nov 08 11:00:00,0,0
5746,Belfield,Computer Science,B003,Sun Nov 08 12:00:00,0,0
5758,Belfield,Computer Science,B003,Sun Nov 08 13:00:00,0,0
5769,Belfield,Computer Science,B003,Sun Nov 08 14:00:00,0,0
5770,Belfield,Computer Science,B003,Sun Nov 08 14:00:00,0,0
5782,Belfield,Computer Science,B003,Sun Nov 08 15:00:00,0,0
5805,Belfield,Computer Science,B003,Sun Nov 08 17:00:00,0,0
5817,Belfield,Computer Science,B003,Sun Nov 08 18:00:00,0,0
5829,Belfield,Computer Science,B003,Sun Nov 08 19:00:00,0,0
5841,Belfield,Computer Science,B003,Sun Nov 08 20:00:00,0,0
5853,Belfield,Computer Science,B003,Sun Nov 08 21:00:00,0,0
5865,Belfield,Computer Science,B003,Sun Nov 08 22:00:00,0,0
5876,Belfield,Computer Science,B003,Sun Nov 08 23:00:00,0,0
5887,Belfield,Computer Science,B003,Mon Nov 09 00:00:00,0,0
5899,Belfield,Computer Science,B003,Mon Nov 09 01:00:00,0,0
5911,Belfield,Computer Science,B003,Mon Nov 09 02:00:00,0,0
5923,Belfield,Computer Science,B003,Mon Nov 09 03:00:00,0,0
5935,Belfield,Computer Science,B003,Mon Nov 09 04:00:00,0,0
5947,Belfield,Computer Science,B003,Mon Nov 09 05:00:00,0,0
5959,Belfield,Computer Science,B003,Mon Nov 09 06:00:00,0,0
5971,Belfield,Computer Science,B003,Mon Nov 09 07:00:00,0,0
5983,Belfield,Computer Science,B003,Mon Nov 09 08:00:00,0,0
5994,Belfield,Computer Science,B003,Mon Nov 09 09:00:00,26,26
6006,Belfield,Computer Science,B003,Mon Nov 09 10:00:00,32,32
6017,Belfield,Computer Science,B003,Mon Nov 09 11:00:00,24,24
6029,Belfield,Computer Science,B003,Mon Nov 09 12:00:00,56,56
6040,Belfield,Computer Science,B003,Mon Nov 09 13:00:00,25,25
6052,Belfield,Computer Science,B003,Mon Nov 09 14:00:00,33,32
6064,Belfield,Computer Science,B003,Mon Nov 09 15:00:00,25,25
6076,Belfield,Computer Science,B003,Mon Nov 09 16:00:00,12,12
6088,Belfield,Computer Science,B003,Mon Nov 09 17:00:00,9,9
6100,Belfield,Computer Science,B003,Mon Nov 09 18:00:00,2,2
6112,Belfield,Computer Science,B003,Mon Nov 09 19:00:00,0,0
6123,Belfield,Computer Science,B003,Mon Nov 09 20:00:00,0,0
6135,Belfield,Computer Science,B003,Mon Nov 09 21:00:00,0,0
6147,Belfield,Computer Science,B003,Mon Nov 09 22:00:00,0,0
6159,Belfield,Computer Science,B003,Mon Nov 09 23:00:00,0,0
6171,Belfield,Computer Science,B003,Tue Nov 10 00:00:00,0,0
6182,Belfield,Computer Science,B003,Tue Nov 10 01:00:00,0,0
6194,Belfield,Computer Science,B003,Tue Nov 10 02:00:00,0,0
6205,Belfield,Computer Science,B003,Tue Nov 10 03:00:00,0,0
6217,Belfield,Computer Science,B003,Tue Nov 10 04:00:00,0,0
6229,Belfield,Computer Science,B003,Tue Nov 10 05:00:00,0,0
6241,Belfield,Computer Science,B003,Tue Nov 10 06:00:00,0,0
6253,Belfield,Computer Science,B003,Tue Nov 10 07:00:00,0,0
6265,Belfield,Computer Science,B003,Tue Nov 10 08:00:00,0,0
6276,Belfield,Computer Science,B003,Tue Nov 10 09:00:00,2,2
6288,Belfield,Computer Science,B003,Tue Nov 10 10:00:00,9,9
6300,Belfield,Computer Science,B003,Tue Nov 10 11:00:00,62,62
6311,Belfield,Computer Science,B003,Tue Nov 10 12:00:00,31,30
6322,Belfield,Computer Science,B003,Tue Nov 10 13:00:00,9,8
6334,Belfield,Computer Science,B003,Tue Nov 10 14:00:00,19,19
6345,Belfield,Computer Science,B003,Tue Nov 10 15:00:00,17,17
6357,Belfield,Computer Science,B003,Tue Nov 10 16:00:00,5,5
6369,Belfield,Computer Science,B003,Tue Nov 10 17:00:00,3,3
6381,Belfield,Computer Science,B003,Tue Nov 10 18:00:00,5,4
6392,Belfield,Computer Science,B003,Tue Nov 10 19:00:00,5,5
6404,Belfield,Computer Science,B003,Tue Nov 10 20:00:00,0,0
6416,Belfield,Computer Science,B003,Tue Nov 10 21:00:00,0,0
6428,Belfield,Computer Science,B003,Tue Nov 10 22:00:00,0,0
6440,Belfield,Computer Science,B003,Tue Nov 10 23:00:00,0,0
6452,Belfield,Computer Science,B003,Wed Nov 11 00:00:00,0,0
6464,Belfield,Computer Science,B003,Wed Nov 11 01:00:00,0,0
6476,Belfield,Computer Science,B003,Wed Nov 11 02:00:00,0,0
6488,Belfield,Computer Science,B003,Wed Nov 11 03:00:00,0,0
6500,Belfield,Computer Science,B003,Wed Nov 11 04:00:00,0,0
6512,Belfield,Computer Science,B003,Wed Nov 11 05:00:00,0,0
6524,Belfield,Computer Science,B003,Wed Nov 11 06:00:00,0,0
6536,Belfield,Computer Science,B003,Wed Nov 11 07:00:00,0,0
6559,Belfield,Computer Science,B003,Wed Nov 11 09:00:00,0,0
6571,Belfield,Computer Science,B003,Wed Nov 11 10:00:00,7,7
6582,Belfield,Computer Science,B003,Wed Nov 11 11:00:00,7,7
6594,Belfield,Computer Science,B003,Wed Nov 11 12:00:00,85,85
6604,Belfield,Computer Science,B003,Wed Nov 11 13:00:00,88,88
6616,Belfield,Computer Science,B003,Wed Nov 11 14:00:00,43,42
6628,Belfield,Computer Science,B003,Wed Nov 11 15:00:00,7,7
6640,Belfield,Computer Science,B003,Wed Nov 11 16:00:00,19,19
6651,Belfield,Computer Science,B003,Wed Nov 11 17:00:00,20,20
6652,Belfield,Computer Science,B003,Wed Nov 11 17:00:00,19,19
6663,Belfield,Computer Science,B003,Wed Nov 11 18:00:00,14,14
6675,Belfield,Computer Science,B003,Wed Nov 11 19:00:00,4,4
6687,Belfield,Computer Science,B003,Wed Nov 11 20:00:00,0,0
6699,Belfield,Computer Science,B003,Wed Nov 11 21:00:00,0,0
6711,Belfield,Computer Science,B003,Wed Nov 11 22:00:00,0,0
6722,Belfield,Computer Science,B003,Wed Nov 11 23:00:00,0,0
6744,Belfield,Computer Science,B003,Thu Nov 12 01:00:00,0,0
6756,Belfield,Computer Science,B003,Thu Nov 12 02:00:00,0,0
6768,Belfield,Computer Science,B003,Thu Nov 12 03:00:00,0,0
6780,Belfield,Computer Science,B003,Thu Nov 12 04:00:00,0,0
6792,Belfield,Computer Science,B003,Thu Nov 12 05:00:00,0,0
6804,Belfield,Computer Science,B003,Thu Nov 12 06:00:00,0,0
6816,Belfield,Computer Science,B003,Thu Nov 12 07:00:00,0,0
6827,Belfield,Computer Science,B003,Thu Nov 12 08:00:00,1,1
6839,Belfield,Computer Science,B003,Thu Nov 12 09:00:00,5,5
6850,Belfield,Computer Science,B003,Thu Nov 12 10:00:00,4,4
6862,Belfield,Computer Science,B003,Thu Nov 12 11:00:00,7,7
6873,Belfield,Computer Science,B003,Thu Nov 12 12:00:00,71,71
6885,Belfield,Computer Science,B003,Thu Nov 12 13:00:00,14,14
6897,Belfield,Computer Science,B003,Thu Nov 12 14:00:00,17,17
6909,Belfield,Computer Science,B003,Thu Nov 12 15:00:00,12,12
6921,Belfield,Computer Science,B003,Thu Nov 12 16:00:00,12,12
6932,Belfield,Computer Science,B003,Thu Nov 12 17:00:00,3,3
6933,Belfield,Computer Science,B003,Thu Nov 12 17:00:00,1,1
6944,Belfield,Computer Science,B003,Thu Nov 12 18:00:00,1,1
6956,Belfield,Computer Science,B003,Thu Nov 12 19:00:00,0,0
6968,Belfield,Computer Science,B003,Thu Nov 12 20:00:00,0,0
6980,Belfield,Computer Science,B003,Thu Nov 12 21:00:00,0,0
6992,Belfield,Computer Science,B003,Thu Nov 12 22:00:00,0,0
7003,Belfield,Computer Science,B003,Thu Nov 12 23:00:00,0,0
7014,Belfield,Computer Science,B003,Fri Nov 13 00:00:00,0,0
7026,Belfield,Computer Science,B003,Fri Nov 13 01:00:00,0,0
7038,Belfield,Computer Science,B003,Fri Nov 13 02:00:00,0,0
7050,Belfield,Computer Science,B003,Fri Nov 13 03:00:00,0,0
7062,Belfield,Computer Science,B003,Fri Nov 13 04:00:00,0,0
7074,Belfield,Computer Science,B003,Fri Nov 13 05:00:00,0,0
7085,Belfield,Computer Science,B003,Fri Nov 13 06:00:00,0,0
7097,Belfield,Computer Science,B003,Fri Nov 13 07:00:00,0,0
7109,Belfield,Computer Science,B003,Fri Nov 13 08:00:00,1,1
7121,Belfield,Computer Science,B003,Fri Nov 13 09:00:00,19,19
7133,Belfield,Computer Science,B003,Fri Nov 13 10:00:00,26,26
7143,Belfield,Computer Science,B003,Fri Nov 13 11:00:00,19,19
7155,Belfield,Computer Science,B003,Fri Nov 13 12:00:00,22,21
7167,Belfield,Computer Science,B003,Fri Nov 13 13:00:00,14,14
7179,Belfield,Computer Science,B003,Fri Nov 13 14:00:00,42,42
7191,Belfield,Computer Science,B003,Fri Nov 13 15:00:00,42,42
7203,Belfield,Computer Science,B003,Fri Nov 13 16:00:00,17,17
7215,Belfield,Computer Science,B003,Fri Nov 13 17:00:00,0,0
7227,Belfield,Computer Science,B003,Fri Nov 13 18:00:00,1,1
7239,Belfield,Computer Science,B003,Fri Nov 13 19:00:00,0,0
7262,Belfield,Computer Science,B003,Fri Nov 13 21:00:00,0,0
7274,Belfield,Computer Science,B003,Fri Nov 13 22:00:00,0,0
7286,Belfield,Computer Science,B003,Fri Nov 13 23:00:00,0,0
7298,Belfield,Computer Science,B003,Sat Nov 14 00:00:00,0,0
7309,Belfield,Computer Science,B003,Sat Nov 14 01:00:00,0,0
7321,Belfield,Computer Science,B003,Sat Nov 14 02:00:00,0,0
7332,Belfield,Computer Science,B003,Sat Nov 14 03:00:00,0,0
7344,Belfield,Computer Science,B003,Sat Nov 14 04:00:00,0,0
7355,Belfield,Computer Science,B003,Sat Nov 14 05:00:00,0,0
7366,Belfield,Computer Science,B003,Sat Nov 14 06:00:00,0,0
7378,Belfield,Computer Science,B003,Sat Nov 14 07:00:00,0,0
7390,Belfield,Computer Science,B003,Sat Nov 14 08:00:00,0,0
7402,Belfield,Computer Science,B003,Sat Nov 14 09:00:00,0,0
7414,Belfield,Computer Science,B003,Sat Nov 14 10:00:00,0,0
7426,Belfield,Computer Science,B003,Sat Nov 14 11:00:00,0,0
7438,Belfield,Computer Science,B003,Sat Nov 14 12:00:00,0,0
7450,Belfield,Computer Science,B003,Sat Nov 14 13:00:00,0,0
7462,Belfield,Computer Science,B003,Sat Nov 14 14:00:00,0,0
7473,Belfield,Computer Science,B003,Sat Nov 14 15:00:00,0,0
7485,Belfield,Computer Science,B003,Sat Nov 14 16:00:00,0,0
7497,Belfield,Computer Science,B003,Sat Nov 14 17:00:00,0,0
7509,Belfield,Computer Science,B003,Sat Nov 14 18:00:00,0,0
7521,Belfield,Computer Science,B003,Sat Nov 14 19:00:00,0,0
7533,Belfield,Computer Science,B003,Sat Nov 14 20:00:00,0,0
7545,Belfield,Computer Science,B003,Sat Nov 14 21:00:00,0,0
7557,Belfield,Computer Science,B003,Sat Nov 14 22:00:00,0,0
7558,Belfield,Computer Science,B003,Sat Nov 14 22:00:00,0,0
7569,Belfield,Computer Science,B003,Sat Nov 14 23:00:00,0,0
7581,Belfield,Computer Science,B003,Sun Nov 15 00:00:00,0,0
7593,Belfield,Computer Science,B003,Sun Nov 15 01:00:00,0,0
7604,Belfield,Computer Science,B003,Sun Nov 15 02:00:00,0,0
7616,Belfield,Computer Science,B003,Sun Nov 15 03:00:00,0,0
7628,Belfield,Computer Science,B003,Sun Nov 15 04:00:00,0,0
7640,Belfield,Computer Science,B003,Sun Nov 15 05:00:00,0,0
7652,Belfield,Computer Science,B003,Sun Nov 15 06:00:00,0,0
7664,Belfield,Computer Science,B003,Sun Nov 15 07:00:00,0,0
7676,Belfield,Computer Science,B003,Sun Nov 15 08:00:00,0,0
7688,Belfield,Computer Science,B003,Sun Nov 15 09:00:00,0,0
7700,Belfield,Computer Science,B003,Sun Nov 15 10:00:00,0,0
7712,Belfield,Computer Science,B003,Sun Nov 15 11:00:00,0,0
7724,Belfield,Computer Science,B003,Sun Nov 15 12:00:00,0,0
7736,Belfield,Computer Science,B003,Sun Nov 15 13:00:00,0,0
7748,Belfield,Computer Science,B003,Sun Nov 15 14:00:00,0,0
7760,Belfield,Computer Science,B003,Sun Nov 15 15:00:00,0,0
7772,Belfield,Computer Science,B003,Sun Nov 15 16:00:00,0,0
7783,Belfield,Computer Science,B003,Sun Nov 15 17:00:00,0,0
7795,Belfield,Computer Science,B003,Sun Nov 15 18:00:00,0,0
7807,Belfield,Computer Science,B003,Sun Nov 15 19:00:00,0,0
7819,Belfield,Computer Science,B003,Sun Nov 15 20:00:00,0,0
7831,Belfield,Computer Science,B003,Sun Nov 15 21:00:00,0,0
7843,Belfield,Computer Science,B003,Sun Nov 15 22:00:00,0,0
7855,Belfield,Computer Science,B003,Sun Nov 15 23:00:00,0,0
7866,Belfield,Computer Science,B003,Mon Nov 16 00:00:00,0,0
7878,Belfield,Computer Science,B003,Mon Nov 16 01:00:00,0,0
7890,Belfield,Computer Science,B003,Mon Nov 16 02:00:00,0,0
7902,Belfield,Computer Science,B003,Mon Nov 16 03:00:00,0,0
7914,Belfield,Computer Science,B003,Mon Nov 16 04:00:00,0,0
7926,Belfield,Computer Science,B003,Mon Nov 16 05:00:00,0,0
7938,Belfield,Computer Science,B003,Mon Nov 16 06:00:00,0,0
7950,Belfield,Computer Science,B003,Mon Nov 16 07:00:00,0,0
7962,Belfield,Computer Science,B003,Mon Nov 16 08:00:00,0,0
7973,Belfield,Computer Science,B003,Mon Nov 16 09:00:00,16,16
7985,Belfield,Computer Science,B003,Mon Nov 16 10:00:00,34,34
7996,Belfield,Computer Science,B003,Mon Nov 16 11:00:00,36,36
8008,Belfield,Computer Science,B003,Mon Nov 16 12:00:00,62,61
8019,Belfield,Computer Science,B003,Mon Nov 16 13:00:00,34,34
8030,Belfield,Computer Science,B003,Mon Nov 16 14:00:00,55,55
8042,Belfield,Computer Science,B003,Mon Nov 16 15:00:00,50,50
8054,Belfield,Computer Science,B003,Mon Nov 16 16:00:00,15,14
8066,Belfield,Computer Science,B003,Mon Nov 16 17:00:00,2,2
8078,Belfield,Computer Science,B003,Mon Nov 16 18:00:00,1,1
8090,Belfield,Computer Science,B003,Mon Nov 16 19:00:00,0,0
8101,Belfield,Computer Science,B003,Mon Nov 16 20:00:00,0,0
8113,Belfield,Computer Science,B003,Mon Nov 16 21:00:00,0,0
8125,Belfield,Computer Science,B003,Mon Nov 16 22:00:00,0,0
8137,Belfield,Computer Science,B003,Mon Nov 16 23:00:00,0,0
8148,Belfield,Computer Science,B003,Tue Nov 17 00:00:00,0,0
8159,Belfield,Computer Science,B003,Tue Nov 17 01:00:00,0,0
8170,Belfield,Computer Science,B003,Tue Nov 17 02:00:00,0,0
8182,Belfield,Computer Science,B003,Tue Nov 17 03:00:00,0,0
8194,Belfield,Computer Science,B003,Tue Nov 17 04:00:00,0,0
8206,Belfield,Computer Science,B003,Tue Nov 17 05:00:00,0,0
8218,Belfield,Computer Science,B003,Tue Nov 17 06:00:00,0,0
8230,Belfield,Computer Science,B003,Tue Nov 17 07:00:00,0,0
8242,Belfield,Computer Science,B003,Tue Nov 17 08:00:00,0,0
8253,Belfield,Computer Science,B003,Tue Nov 17 09:00:00,1,1
8265,Belfield,Computer Science,B003,Tue Nov 17 10:00:00,13,13
8275,Belfield,Computer Science,B003,Tue Nov 17 11:00:00,56,55
8287,Belfield,Computer Science,B004,Mon Nov 02 21:00:00,0,0
8299,Belfield,Computer Science,B004,Mon Nov 02 22:00:00,0,0
8300,Belfield,Computer Science,B004,Mon Nov 02 22:00:00,0,0
8316,Belfield,Computer Science,B004,Mon Nov 02 23:00:00,0,0
8327,Belfield,Computer Science,B004,Tue Nov 03 00:00:00,0,0
8339,Belfield,Computer Science,B004,Tue Nov 03 01:00:00,0,0
8351,Belfield,Computer Science,B004,Tue Nov 03 02:00:00,0,0
8375,Belfield,Computer Science,B004,Tue Nov 03 04:00:00,0,0
8387,Belfield,Computer Science,B004,Tue Nov 03 05:00:00,0,0
8399,Belfield,Computer Science,B004,Tue Nov 03 06:00:00,0,0
8410,Belfield,Computer Science,B004,Tue Nov 03 07:00:00,0,0
8422,Belfield,Computer Science,B004,Tue Nov 03 08:00:00,0,0
8434,Belfield,Computer Science,B004,Tue Nov 03 09:00:00,119,119
8445,Belfield,Computer Science,B004,Tue Nov 03 10:00:00,97,97
8457,Belfield,Computer Science,B004,Tue Nov 03 11:00:00,60,58
8468,Belfield,Computer Science,B004,Tue Nov 03 12:00:00,105,105
8480,Belfield,Computer Science,B004,Tue Nov 03 13:00:00,52,52
8491,Belfield,Computer Science,B004,Tue Nov 03 14:00:00,65,65
8503,Belfield,Computer Science,B004,Tue Nov 03 15:00:00,55,55
8514,Belfield,Computer Science,B004,Tue Nov 03 16:00:00,7,7
8526,Belfield,Computer Science,B004,Tue Nov 03 17:00:00,0,0
8538,Belfield,Computer Science,B004,Tue Nov 03 18:00:00,0,0
8550,Belfield,Computer Science,B004,Tue Nov 03 19:00:00,0,0
8562,Belfield,Computer Science,B004,Tue Nov 03 20:00:00,0,0
8574,Belfield,Computer Science,B004,Tue Nov 03 21:00:00,0,0
8586,Belfield,Computer Science,B004,Tue Nov 03 22:00:00,0,0
8598,Belfield,Computer Science,B004,Tue Nov 03 23:00:00,0,0
8609,Belfield,Computer Science,B004,Wed Nov 04 00:00:00,0,0
8621,Belfield,Computer Science,B004,Wed Nov 04 01:00:00,0,0
8633,Belfield,Computer Science,B004,Wed Nov 04 02:00:00,0,0
8645,Belfield,Computer Science,B004,Wed Nov 04 03:00:00,0,0
8657,Belfield,Computer Science,B004,Wed Nov 04 04:00:00,0,0
8669,Belfield,Computer Science,B004,Wed Nov 04 05:00:00,0,0
8693,Belfield,Computer Science,B004,Wed Nov 04 07:00:00,0,0
8704,Belfield,Computer Science,B004,Wed Nov 04 08:00:00,2,2
8716,Belfield,Computer Science,B004,Wed Nov 04 09:00:00,31,31
8727,Belfield,Computer Science,B004,Wed Nov 04 10:00:00,3,3
8738,Belfield,Computer Science,B004,Wed Nov 04 11:00:00,63,63
8750,Belfield,Computer Science,B004,Wed Nov 04 12:00:00,76,76
8761,Belfield,Computer Science,B004,Wed Nov 04 13:00:00,17,17
8773,Belfield,Computer Science,B004,Wed Nov 04 14:00:00,11,11
8784,Belfield,Computer Science,B004,Wed Nov 04 15:00:00,1,1
8796,Belfield,Computer Science,B004,Wed Nov 04 16:00:00,0,0
8807,Belfield,Computer Science,B004,Wed Nov 04 17:00:00,0,0
8819,Belfield,Computer Science,B004,Wed Nov 04 18:00:00,0,0
8831,Belfield,Computer Science,B004,Wed Nov 04 19:00:00,0,0
8843,Belfield,Computer Science,B004,Wed Nov 04 20:00:00,0,0
8855,Belfield,Computer Science,B004,Wed Nov 04 21:00:00,0,0
8866,Belfield,Computer Science,B004,Wed Nov 04 22:00:00,0,0
8878,Belfield,Computer Science,B004,Wed Nov 04 23:00:00,0,0
8890,Belfield,Computer Science,B004,Thu Nov 05 00:00:00,0,0
8901,Belfield,Computer Science,B004,Thu Nov 05 01:00:00,0,0
8913,Belfield,Computer Science,B004,Thu Nov 05 02:00:00,0,0
8925,Belfield,Computer Science,B004,Thu Nov 05 03:00:00,0,0
8937,Belfield,Computer Science,B004,Thu Nov 05 04:00:00,0,0
8949,Belfield,Computer Science,B004,Thu Nov 05 05:00:00,0,0
8961,Belfield,Computer Science,B004,Thu Nov 05 06:00:00,0,0
8973,Belfield,Computer Science,B004,Thu Nov 05 07:00:00,0,0
8984,Belfield,Computer Science,B004,Thu Nov 05 08:00:00,0,0
8996,Belfield,Computer Science,B004,Thu Nov 05 09:00:00,224,222
9007,Belfield,Computer Science,B004,Thu Nov 05 10:00:00,37,37
9019,Belfield,Computer Science,B004,Thu Nov 05 11:00:00,64,63
9029,Belfield,Computer Science,B004,Thu Nov 05 12:00:00,50,50
9041,Belfield,Computer Science,B004,Thu Nov 05 13:00:00,99,98
9052,Belfield,Computer Science,B004,Thu Nov 05 14:00:00,72,72
9064,Belfield,Computer Science,B004,Thu Nov 05 15:00:00,0,0
9076,Belfield,Computer Science,B004,Thu Nov 05 16:00:00,0,0
9088,Belfield,Computer Science,B004,Thu Nov 05 17:00:00,0,0
9100,Belfield,Computer Science,B004,Thu Nov 05 18:00:00,0,0
9112,Belfield,Computer Science,B004,Thu Nov 05 19:00:00,0,0
9124,Belfield,Computer Science,B004,Thu Nov 05 20:00:00,0,0
9136,Belfield,Computer Science,B004,Thu Nov 05 21:00:00,0,0
9148,Belfield,Computer Science,B004,Thu Nov 05 22:00:00,0,0
9160,Belfield,Computer Science,B004,Thu Nov 05 23:00:00,0,0
9172,Belfield,Computer Science,B004,Fri Nov 06 00:00:00,0,0
9183,Belfield,Computer Science,B004,Fri Nov 06 01:00:00,0,0
9195,Belfield,Computer Science,B004,Fri Nov 06 02:00:00,0,0
9196,Belfield,Computer Science,B004,Fri Nov 06 02:00:00,0,0
9207,Belfield,Computer Science,B004,Fri Nov 06 03:00:00,0,0
9219,Belfield,Computer Science,B004,Fri Nov 06 04:00:00,0,0
9231,Belfield,Computer Science,B004,Fri Nov 06 05:00:00,0,0
9243,Belfield,Computer Science,B004,Fri Nov 06 06:00:00,0,0
9255,Belfield,Computer Science,B004,Fri Nov 06 07:00:00,0,0
9267,Belfield,Computer Science,B004,Fri Nov 06 08:00:00,0,0
9279,Belfield,Computer Science,B004,Fri Nov 06 09:00:00,7,7
9291,Belfield,Computer Science,B004,Fri Nov 06 10:00:00,66,66
9303,Belfield,Computer Science,B004,Fri Nov 06 11:00:00,33,32
9314,Belfield,Computer Science,B004,Fri Nov 06 12:00:00,4,4
9326,Belfield,Computer Science,B004,Fri Nov 06 13:00:00,46,46
9337,Belfield,Computer Science,B004,Fri Nov 06 14:00:00,128,128
9349,Belfield,Computer Science,B004,Fri Nov 06 15:00:00,17,17
9361,Belfield,Computer Science,B004,Fri Nov 06 16:00:00,2,2
9373,Belfield,Computer Science,B004,Fri Nov 06 17:00:00,0,0
9385,Belfield,Computer Science,B004,Fri Nov 06 18:00:00,0,0
9397,Belfield,Computer Science,B004,Fri Nov 06 19:00:00,0,0
9409,Belfield,Computer Science,B004,Fri Nov 06 20:00:00,0,0
9421,Belfield,Computer Science,B004,Fri Nov 06 21:00:00,0,0
9433,Belfield,Computer Science,B004,Fri Nov 06 22:00:00,0,0
9445,Belfield,Computer Science,B004,Fri Nov 06 23:00:00,0,0
9457,Belfield,Computer Science,B004,Sat Nov 07 00:00:00,0,0
9468,Belfield,Computer Science,B004,Sat Nov 07 01:00:00,0,0
9480,Belfield,Computer Science,B004,Sat Nov 07 02:00:00,0,0
9492,Belfield,Computer Science,B004,Sat Nov 07 03:00:00,0,0
9504,Belfield,Computer Science,B004,Sat Nov 07 04:00:00,0,0
9516,Belfield,Computer Science,B004,Sat Nov 07 05:00:00,0,0
9528,Belfield,Computer Science,B004,Sat Nov 07 06:00:00,0,0
9540,Belfield,Computer Science,B004,Sat Nov 07 07:00:00,0,0
9552,Belfield,Computer Science,B004,Sat Nov 07 08:00:00,0,0
9563,Belfield,Computer Science,B004,Sat Nov 07 09:00:00,0,0
9575,Belfield,Computer Science,B004,Sat Nov 07 10:00:00,0,0
9587,Belfield,Computer Science,B004,Sat Nov 07 11:00:00,0,0
9599,Belfield,Computer Science,B004,Sat Nov 07 12:00:00,0,0
9611,Belfield,Computer Science,B004,Sat Nov 07 13:00:00,0,0
9622,Belfield,Computer Science,B004,Sat Nov 07 14:00:00,0,0
9623,Belfield,Computer Science,B004,Sat Nov 07 14:00:00,0,0
9634,Belfield,Computer Science,B004,Sat Nov 07 15:00:00,0,0
9646,Belfield,Computer Science,B004,Sat Nov 07 16:00:00,0,0
9658,Belfield,Computer Science,B004,Sat Nov 07 17:00:00,0,0
9670,Belfield,Computer Science,B004,Sat Nov 07 18:00:00,0,0
9682,Belfield,Computer Science,B004,Sat Nov 07 19:00:00,0,0
9694,Belfield,Computer Science,B004,Sat Nov 07 20:00:00,0,0
9706,Belfield,Computer Science,B004,Sat Nov 07 21:00:00,0,0
9718,Belfield,Computer Science,B004,Sat Nov 07 22:00:00,0,0
9730,Belfield,Computer Science,B004,Sat Nov 07 23:00:00,0,0
9742,Belfield,Computer Science,B004,Sun Nov 08 00:00:00,0,0
9754,Belfield,Computer Science,B004,Sun Nov 08 01:00:00,0,0
9766,Belfield,Computer Science,B004,Sun Nov 08 02:00:00,0,0
9778,Belfield,Computer Science,B004,Sun Nov 08 03:00:00,0,0
9789,Belfield,Computer Science,B004,Sun Nov 08 04:00:00,0,0
9801,Belfield,Computer Science,B004,Sun Nov 08 05:00:00,0,0
9813,Belfield,Computer Science,B004,Sun Nov 08 06:00:00,0,0
9825,Belfield,Computer Science,B004,Sun Nov 08 07:00:00,0,0
9837,Belfield,Computer Science,B004,Sun Nov 08 08:00:00,0,0
9849,Belfield,Computer Science,B004,Sun Nov 08 09:00:00,0,0
9861,Belfield,Computer Science,B004,Sun Nov 08 10:00:00,0,0
9873,Belfield,Computer Science,B004,Sun Nov 08 11:00:00,0,0
9885,Belfield,Computer Science,B004,Sun Nov 08 12:00:00,0,0
9897,Belfield,Computer Science,B004,Sun Nov 08 13:00:00,0,0
9908,Belfield,Computer Science,B004,Sun Nov 08 14:00:00,0,0
9909,Belfield,Computer Science,B004,Sun Nov 08 14:00:00,0,0
9921,Belfield,Computer Science,B004,Sun Nov 08 15:00:00,0,0
9944,Belfield,Computer Science,B004,Sun Nov 08 17:00:00,0,0
9956,Belfield,Computer Science,B004,Sun Nov 08 18:00:00,0,0
9968,Belfield,Computer Science,B004,Sun Nov 08 19:00:00,0,0
9980,Belfield,Computer Science,B004,Sun Nov 08 20:00:00,0,0
9992,Belfield,Computer Science,B004,Sun Nov 08 21:00:00,0,0
10004,Belfield,Computer Science,B004,Sun Nov 08 22:00:00,0,0
10015,Belfield,Computer Science,B004,Sun Nov 08 23:00:00,0,0
10026,Belfield,Computer Science,B004,Mon Nov 09 00:00:00,0,0
10038,Belfield,Computer Science,B004,Mon Nov 09 01:00:00,0,0
10050,Belfield,Computer Science,B004,Mon Nov 09 02:00:00,0,0
10062,Belfield,Computer Science,B004,Mon Nov 09 03:00:00,0,0
10074,Belfield,Computer Science,B004,Mon Nov 09 04:00:00,0,0
10086,Belfield,Computer Science,B004,Mon Nov 09 05:00:00,0,0
10098,Belfield,Computer Science,B004,Mon Nov 09 06:00:00,0,0
10110,Belfield,Computer Science,B004,Mon Nov 09 07:00:00,0,0
10122,Belfield,Computer Science,B004,Mon Nov 09 08:00:00,0,0
10133,Belfield,Computer Science,B004,Mon Nov 09 09:00:00,23,23
10145,Belfield,Computer Science,B004,Mon Nov 09 10:00:00,30,30
10156,Belfield,Computer Science,B004,Mon Nov 09 11:00:00,36,36
10168,Belfield,Computer Science,B004,Mon Nov 09 12:00:00,65,64
10179,Belfield,Computer Science,B004,Mon Nov 09 13:00:00,2,2
10191,Belfield,Computer Science,B004,Mon Nov 09 14:00:00,42,42
10203,Belfield,Computer Science,B004,Mon Nov 09 15:00:00,74,74
10215,Belfield,Computer Science,B004,Mon Nov 09 16:00:00,8,8
10227,Belfield,Computer Science,B004,Mon Nov 09 17:00:00,6,5
10239,Belfield,Computer Science,B004,Mon Nov 09 18:00:00,0,0
10251,Belfield,Computer Science,B004,Mon Nov 09 19:00:00,0,0
10262,Belfield,Computer Science,B004,Mon Nov 09 20:00:00,0,0
10274,Belfield,Computer Science,B004,Mon Nov 09 21:00:00,0,0
10286,Belfield,Computer Science,B004,Mon Nov 09 22:00:00,0,0
10298,Belfield,Computer Science,B004,Mon Nov 09 23:00:00,0,0
10310,Belfield,Computer Science,B004,Tue Nov 10 00:00:00,0,0
10321,Belfield,Computer Science,B004,Tue Nov 10 01:00:00,0,0
10333,Belfield,Computer Science,B004,Tue Nov 10 02:00:00,0,0
10344,Belfield,Computer Science,B004,Tue Nov 10 03:00:00,0,0
10356,Belfield,Computer Science,B004,Tue Nov 10 04:00:00,0,0
10368,Belfield,Computer Science,B004,Tue Nov 10 05:00:00,0,0
10380,Belfield,Computer Science,B004,Tue Nov 10 06:00:00,0,0
10392,Belfield,Computer Science,B004,Tue Nov 10 07:00:00,0,0
10404,Belfield,Computer Science,B004,Tue Nov 10 08:00:00,0,0
10415,Belfield,Computer Science,B004,Tue Nov 10 09:00:00,64,64
10427,Belfield,Computer Science,B004,Tue Nov 10 10:00:00,116,115
10439,Belfield,Computer Science,B004,Tue Nov 10 11:00:00,62,61
10450,Belfield,Computer Science,B004,Tue Nov 10 12:00:00,88,88
10461,Belfield,Computer Science,B004,Tue Nov 10 13:00:00,61,61
10473,Belfield,Computer Science,B004,Tue Nov 10 14:00:00,69,68
10484,Belfield,Computer Science,B004,Tue Nov 10 15:00:00,61,61
10496,Belfield,Computer Science,B004,Tue Nov 10 16:00:00,7,7
10508,Belfield,Computer Science,B004,Tue Nov 10 17:00:00,0,0
10520,Belfield,Computer Science,B004,Tue Nov 10 18:00:00,0,0
10531,Belfield,Computer Science,B004,Tue Nov 10 19:00:00,0,0
10543,Belfield,Computer Science,B004,Tue Nov 10 20:00:00,0,0
10555,Belfield,Computer Science,B004,Tue Nov 10 21:00:00,0,0
10567,Belfield,Computer Science,B004,Tue Nov 10 22:00:00,0,0
10579,Belfield,Computer Science,B004,Tue Nov 10 23:00:00,0,0
10591,Belfield,Computer Science,B004,Wed Nov 11 00:00:00,0,0
10603,Belfield,Computer Science,B004,Wed Nov 11 01:00:00,0,0
10615,Belfield,Computer Science,B004,Wed Nov 11 02:00:00,0,0
10627,Belfield,Computer Science,B004,Wed Nov 11 03:00:00,0,0
10639,Belfield,Computer Science,B004,Wed Nov 11 04:00:00,0,0
10651,Belfield,Computer Science,B004,Wed Nov 11 05:00:00,0,0
10663,Belfield,Computer Science,B004,Wed Nov 11 06:00:00,0,0
10675,Belfield,Computer Science,B004,Wed Nov 11 07:00:00,0,0
10698,Belfield,Computer Science,B004,Wed Nov 11 09:00:00,22,22
10710,Belfield,Computer Science,B004,Wed Nov 11 10:00:00,0,0
10721,Belfield,Computer Science,B004,Wed Nov 11 11:00:00,46,46
10733,Belfield,Computer Science,B004,Wed Nov 11 12:00:00,71,71
10743,Belfield,Computer Science,B004,Wed Nov 11 13:00:00,8,8
10755,Belfield,Computer Science,B004,Wed Nov 11 14:00:00,11,11
10767,Belfield,Computer Science,B004,Wed Nov 11 15:00:00,38,38
10779,Belfield,Computer Science,B004,Wed Nov 11 16:00:00,2,2
10790,Belfield,Computer Science,B004,Wed Nov 11 17:00:00,2,2
10791,Belfield,Computer Science,B004,Wed Nov 11 17:00:00,2,2
10802,Belfield,Computer Science,B004,Wed Nov 11 18:00:00,0,0
10814,Belfield,Computer Science,B004,Wed Nov 11 19:00:00,0,0
10826,Belfield,Computer Science,B004,Wed Nov 11 20:00:00,0,0
10838,Belfield,Computer Science,B004,Wed Nov 11 21:00:00,0,0
10850,Belfield,Computer Science,B004,Wed Nov 11 22:00:00,0,0
10861,Belfield,Computer Science,B004,Wed Nov 11 23:00:00,0,0
10883,Belfield,Computer Science,B004,Thu Nov 12 01:00:00,0,0
10895,Belfield,Computer Science,B004,Thu Nov 12 02:00:00,0,0
10907,Belfield,Computer Science,B004,Thu Nov 12 03:00:00,0,0
10919,Belfield,Computer Science,B004,Thu Nov 12 04:00:00,0,0
10931,Belfield,Computer Science,B004,Thu Nov 12 05:00:00,0,0
10943,Belfield,Computer Science,B004,Thu Nov 12 06:00:00,0,0
10955,Belfield,Computer Science,B004,Thu Nov 12 07:00:00,0,0
10966,Belfield,Computer Science,B004,Thu Nov 12 08:00:00,1,1
10978,Belfield,Computer Science,B004,Thu Nov 12 09:00:00,84,84
10989,Belfield,Computer Science,B004,Thu Nov 12 10:00:00,37,37
11001,Belfield,Computer Science,B004,Thu Nov 12 11:00:00,63,63
11012,Belfield,Computer Science,B004,Thu Nov 12 12:00:00,55,55
11024,Belfield,Computer Science,B004,Thu Nov 12 13:00:00,88,88
11036,Belfield,Computer Science,B004,Thu Nov 12 14:00:00,53,53
11048,Belfield,Computer Science,B004,Thu Nov 12 15:00:00,0,0
11060,Belfield,Computer Science,B004,Thu Nov 12 16:00:00,57,57
11071,Belfield,Computer Science,B004,Thu Nov 12 17:00:00,3,3
11072,Belfield,Computer Science,B004,Thu Nov 12 17:00:00,3,3
11083,Belfield,Computer Science,B004,Thu Nov 12 18:00:00,0,0
11095,Belfield,Computer Science,B004,Thu Nov 12 19:00:00,0,0
11107,Belfield,Computer Science,B004,Thu Nov 12 20:00:00,0,0
11119,Belfield,Computer Science,B004,Thu Nov 12 21:00:00,0,0
11131,Belfield,Computer Science,B004,Thu Nov 12 22:00:00,0,0
11142,Belfield,Computer Science,B004,Thu Nov 12 23:00:00,0,0
11153,Belfield,Computer Science,B004,Fri Nov 13 00:00:00,0,0
11165,Belfield,Computer Science,B004,Fri Nov 13 01:00:00,0,0
11177,Belfield,Computer Science,B004,Fri Nov 13 02:00:00,0,0
11189,Belfield,Computer Science,B004,Fri Nov 13 03:00:00,0,0
11201,Belfield,Computer Science,B004,Fri Nov 13 04:00:00,0,0
11213,Belfield,Computer Science,B004,Fri Nov 13 05:00:00,0,0
11224,Belfield,Computer Science,B004,Fri Nov 13 06:00:00,0,0
11236,Belfield,Computer Science,B004,Fri Nov 13 07:00:00,0,0
11248,Belfield,Computer Science,B004,Fri Nov 13 08:00:00,0,0
11260,Belfield,Computer Science,B004,Fri Nov 13 09:00:00,4,4
11272,Belfield,Computer Science,B004,Fri Nov 13 10:00:00,56,56
11282,Belfield,Computer Science,B004,Fri Nov 13 11:00:00,27,27
11294,Belfield,Computer Science,B004,Fri Nov 13 12:00:00,1,1
11306,Belfield,Computer Science,B004,Fri Nov 13 13:00:00,44,44
11318,Belfield,Computer Science,B004,Fri Nov 13 14:00:00,115,115
11330,Belfield,Computer Science,B004,Fri Nov 13 15:00:00,4,4
11342,Belfield,Computer Science,B004,Fri Nov 13 16:00:00,1,1
11354,Belfield,Computer Science,B004,Fri Nov 13 17:00:00,0,0
11366,Belfield,Computer Science,B004,Fri Nov 13 18:00:00,0,0
11378,Belfield,Computer Science,B004,Fri Nov 13 19:00:00,0,0
11401,Belfield,Computer Science,B004,Fri Nov 13 21:00:00,0,0
11413,Belfield,Computer Science,B004,Fri Nov 13 22:00:00,0,0
11425,Belfield,Computer Science,B004,Fri Nov 13 23:00:00,0,0
11437,Belfield,Computer Science,B004,Sat Nov 14 00:00:00,0,0
11448,Belfield,Computer Science,B004,Sat Nov 14 01:00:00,0,0
11460,Belfield,Computer Science,B004,Sat Nov 14 02:00:00,0,0
11471,Belfield,Computer Science,B004,Sat Nov 14 03:00:00,0,0
11483,Belfield,Computer Science,B004,Sat Nov 14 04:00:00,0,0
11494,Belfield,Computer Science,B004,Sat Nov 14 05:00:00,0,0
11505,Belfield,Computer Science,B004,Sat Nov 14 06:00:00,0,0
11517,Belfield,Computer Science,B004,Sat Nov 14 07:00:00,0,0
11529,Belfield,Computer Science,B004,Sat Nov 14 08:00:00,0,0
11541,Belfield,Computer Science,B004,Sat Nov 14 09:00:00,0,0
11553,Belfield,Computer Science,B004,Sat Nov 14 10:00:00,0,0
11565,Belfield,Computer Science,B004,Sat Nov 14 11:00:00,0,0
11577,Belfield,Computer Science,B004,Sat Nov 14 12:00:00,0,0
11589,Belfield,Computer Science,B004,Sat Nov 14 13:00:00,0,0
11601,Belfield,Computer Science,B004,Sat Nov 14 14:00:00,0,0
11612,Belfield,Computer Science,B004,Sat Nov 14 15:00:00,0,0
11624,Belfield,Computer Science,B004,Sat Nov 14 16:00:00,0,0
11636,Belfield,Computer Science,B004,Sat Nov 14 17:00:00,0,0
11648,Belfield,Computer Science,B004,Sat Nov 14 18:00:00,0,0
11660,Belfield,Computer Science,B004,Sat Nov 14 19:00:00,0,0
11672,Belfield,Computer Science,B004,Sat Nov 14 20:00:00,0,0
11684,Belfield,Computer Science,B004,Sat Nov 14 21:00:00,0,0
11696,Belfield,Computer Science,B004,Sat Nov 14 22:00:00,0,0
11697,Belfield,Computer Science,B004,Sat Nov 14 22:00:00,0,0
11708,Belfield,Computer Science,B004,Sat Nov 14 23:00:00,0,0
11720,Belfield,Computer Science,B004,Sun Nov 15 00:00:00,0,0
11732,Belfield,Computer Science,B004,Sun Nov 15 01:00:00,0,0
11743,Belfield,Computer Science,B004,Sun Nov 15 02:00:00,0,0
11755,Belfield,Computer Science,B004,Sun Nov 15 03:00:00,0,0
11767,Belfield,Computer Science,B004,Sun Nov 15 04:00:00,0,0
11779,Belfield,Computer Science,B004,Sun Nov 15 05:00:00,0,0
11791,Belfield,Computer Science,B004,Sun Nov 15 06:00:00,0,0
11803,Belfield,Computer Science,B004,Sun Nov 15 07:00:00,0,0
11815,Belfield,Computer Science,B004,Sun Nov 15 08:00:00,0,0
11827,Belfield,Computer Science,B004,Sun Nov 15 09:00:00,0,0
11839,Belfield,Computer Science,B004,Sun Nov 15 10:00:00,0,0
11851,Belfield,Computer Science,B004,Sun Nov 15 11:00:00,0,0
11863,Belfield,Computer Science,B004,Sun Nov 15 12:00:00,0,0
11875,Belfield,Computer Science,B004,Sun Nov 15 13:00:00,0,0
11887,Belfield,Computer Science,B004,Sun Nov 15 14:00:00,0,0
11899,Belfield,Computer Science,B004,Sun Nov 15 15:00:00,0,0
11911,Belfield,Computer Science,B004,Sun Nov 15 16:00:00,0,0
11922,Belfield,Computer Science,B004,Sun Nov 15 17:00:00,0,0
11934,Belfield,Computer Science,B004,Sun Nov 15 18:00:00,0,0
11946,Belfield,Computer Science,B004,Sun Nov 15 19:00:00,0,0
11958,Belfield,Computer Science,B004,Sun Nov 15 20:00:00,0,0
11970,Belfield,Computer Science,B004,Sun Nov 15 21:00:00,0,0
11982,Belfield,Computer Science,B004,Sun Nov 15 22:00:00,0,0
11994,Belfield,Computer Science,B004,Sun Nov 15 23:00:00,0,0
12005,Belfield,Computer Science,B004,Mon Nov 16 00:00:00,0,0
12017,Belfield,Computer Science,B004,Mon Nov 16 01:00:00,0,0
12029,Belfield,Computer Science,B004,Mon Nov 16 02:00:00,0,0
12041,Belfield,Computer Science,B004,Mon Nov 16 03:00:00,0,0
12053,Belfield,Computer Science,B004,Mon Nov 16 04:00:00,0,0
12065,Belfield,Computer Science,B004,Mon Nov 16 05:00:00,0,0
12077,Belfield,Computer Science,B004,Mon Nov 16 06:00:00,0,0
12089,Belfield,Computer Science,B004,Mon Nov 16 07:00:00,0,0
12101,Belfield,Computer Science,B004,Mon Nov 16 08:00:00,3,3
12112,Belfield,Computer Science,B004,Mon Nov 16 09:00:00,18,18
12124,Belfield,Computer Science,B004,Mon Nov 16 10:00:00,1,1
12135,Belfield,Computer Science,B004,Mon Nov 16 11:00:00,4,4
12147,Belfield,Computer Science,B004,Mon Nov 16 12:00:00,60,60
12158,Belfield,Computer Science,B004,Mon Nov 16 13:00:00,9,9
12169,Belfield,Computer Science,B004,Mon Nov 16 14:00:00,63,63
12181,Belfield,Computer Science,B004,Mon Nov 16 15:00:00,58,57
12193,Belfield,Computer Science,B004,Mon Nov 16 16:00:00,3,3
12205,Belfield,Computer Science,B004,Mon Nov 16 17:00:00,5,5
12217,Belfield,Computer Science,B004,Mon Nov 16 18:00:00,5,5
12229,Belfield,Computer Science,B004,Mon Nov 16 19:00:00,0,0
12240,Belfield,Computer Science,B004,Mon Nov 16 20:00:00,0,0
12252,Belfield,Computer Science,B004,Mon Nov 16 21:00:00,0,0
12264,Belfield,Computer Science,B004,Mon Nov 16 22:00:00,0,0
12276,Belfield,Computer Science,B004,Mon Nov 16 23:00:00,0,0
12287,Belfield,Computer Science,B004,Tue Nov 17 00:00:00,0,0
12298,Belfield,Computer Science,B004,Tue Nov 17 01:00:00,0,0
12309,Belfield,Computer Science,B004,Tue Nov 17 02:00:00,0,0
12321,Belfield,Computer Science,B004,Tue Nov 17 03:00:00,0,0
12333,Belfield,Computer Science,B004,Tue Nov 17 04:00:00,0,0
12345,Belfield,Computer Science,B004,Tue Nov 17 05:00:00,0,0
12357,Belfield,Computer Science,B004,Tue Nov 17 06:00:00,0,0
12369,Belfield,Computer Science,B004,Tue Nov 17 07:00:00,0,0
12381,Belfield,Computer Science,B004,Tue Nov 17 08:00:00,0,0
12392,Belfield,Computer Science,B004,Tue Nov 17 09:00:00,69,69
12404,Belfield,Computer Science,B004,Tue Nov 17 10:00:00,91,91
12414,Belfield,Computer Science,B004,Tue Nov 17 11:00:00,39,39
